psoxide-tape,v2,clock=pad_poll,start_poll=0
frame,buttons,right_x,right_y,left_x,left_y
0,0,128,128,128,128
1,0,128,128,128,128
2,0,128,128,128,128
3,0,128,128,128,128
4,0,128,128,128,128
5,0,128,128,128,128
6,0,128,128,128,128
7,0,128,128,128,128
8,0,128,128,128,128
9,0,128,128,128,128
10,0,128,128,128,128
11,0,128,128,128,128
12,0,128,128,128,128
13,0,128,128,128,128
14,0,128,128,128,128
15,0,128,128,128,128
16,0,128,128,128,128
17,0,128,128,128,128
18,0,128,128,128,128
19,0,128,128,128,128
20,0,128,128,128,128
21,0,128,128,128,128
22,0,128,128,128,128
23,0,128,128,128,128
24,0,128,128,128,128
25,0,128,128,128,128
26,0,128,128,128,128
27,0,128,128,128,128
28,0,128,128,128,128
29,0,128,128,128,128
30,0,128,128,128,128
31,0,128,128,128,128
32,0,128,128,128,128
33,0,128,128,128,128
34,0,128,128,128,128
35,0,128,128,128,128
36,0,128,128,128,128
37,0,128,128,128,128
38,0,128,128,128,128
39,0,128,128,128,128
40,0,128,128,128,128
41,0,128,128,128,128
42,0,128,128,128,128
43,0,128,128,128,128
44,0,128,128,128,128
45,0,128,128,128,128
46,0,128,128,128,128
47,0,128,128,128,128
48,0,128,128,128,128
49,0,128,128,128,128
50,0,128,128,128,128
51,0,128,128,128,128
52,0,128,128,128,128
53,0,128,128,128,128
54,0,128,128,128,128
55,0,128,128,128,128
56,0,128,128,128,128
57,0,128,128,128,128
58,0,128,128,128,128
59,0,128,128,128,128
60,0,128,128,128,128
61,0,128,128,128,128
62,0,128,128,128,128
63,0,128,128,128,128
64,0,128,128,128,128
65,0,128,128,128,128
66,0,128,128,128,128
67,0,128,128,128,128
68,0,128,128,128,128
69,0,128,128,128,128
70,0,128,128,128,128
71,0,128,128,128,128
72,0,128,128,128,128
73,0,128,128,128,128
74,0,128,128,128,128
75,0,128,128,128,128
76,0,128,128,128,128
77,0,128,128,128,128
78,0,128,128,128,128
79,0,128,128,128,128
80,0,128,128,128,128
81,0,128,128,128,128
82,0,128,128,128,128
83,0,128,128,128,128
84,0,128,128,128,128
85,0,128,128,128,128
86,0,128,128,128,128
87,0,128,128,128,128
88,0,128,128,128,128
89,0,128,128,128,128
90,0,128,128,128,128
91,0,128,128,128,128
92,0,128,128,128,128
93,0,128,128,128,128
94,0,128,128,128,128
95,0,128,128,128,128
96,0,128,128,128,128
97,0,128,128,128,128
98,0,128,128,128,128
99,0,128,128,128,128
100,0,128,128,128,128
101,0,128,128,128,128
102,0,128,128,128,128
103,0,128,128,128,128
104,0,128,128,128,128
105,0,128,128,128,128
106,0,128,128,128,128
107,0,128,128,128,128
108,0,128,128,128,128
109,0,128,128,128,128
110,0,128,128,128,128
111,0,128,128,128,128
112,0,128,128,128,128
113,0,128,128,128,128
114,0,128,128,128,128
115,0,128,128,128,128
116,0,128,128,128,128
117,0,128,128,128,128
118,0,128,128,128,128
119,0,128,128,128,128
120,0,128,128,128,128
121,0,128,128,128,128
122,0,128,128,128,128
123,0,128,128,128,128
124,0,128,128,128,128
125,0,128,128,128,128
126,0,128,128,128,128
127,0,128,128,128,128
128,0,128,128,128,128
129,0,128,128,128,128
130,0,128,128,128,128
131,0,128,128,128,128
132,0,128,128,128,128
133,0,128,128,128,128
134,0,128,128,128,128
135,0,128,128,128,128
136,0,128,128,128,128
137,0,128,128,128,128
138,0,128,128,128,128
139,0,128,128,128,128
140,0,128,128,128,128
141,0,128,128,128,128
142,0,128,128,128,128
143,0,128,128,128,128
144,0,128,128,128,128
145,0,128,128,128,128
146,0,128,128,128,128
147,0,128,128,128,128
148,0,128,128,128,128
149,0,128,128,128,128
150,0,128,128,128,128
151,0,128,128,128,128
152,0,128,128,128,128
153,0,128,128,128,128
154,0,128,128,128,128
155,0,128,128,128,128
156,0,128,128,128,128
157,0,128,128,128,128
158,0,128,128,128,128
159,0,128,128,128,128
160,0,128,128,128,128
161,0,128,128,128,128
162,0,128,128,128,128
163,0,128,128,128,128
164,0,128,128,128,128
165,0,128,128,128,128
166,0,128,128,128,128
167,0,128,128,128,128
168,0,128,128,128,128
169,0,128,128,128,128
170,0,128,128,128,128
171,0,128,128,128,128
172,0,128,128,128,128
173,0,128,128,128,128
174,0,128,128,128,128
175,0,128,128,128,128
176,0,128,128,128,128
177,0,128,128,128,128
178,0,128,128,128,128
179,0,128,128,128,128
180,0,128,128,128,128
181,0,128,128,128,128
182,0,128,128,128,128
183,0,128,128,128,128
184,0,128,128,128,128
185,0,128,128,128,128
186,0,128,128,128,128
187,0,128,128,128,128
188,0,128,128,128,128
189,0,128,128,128,128
190,0,128,128,128,128
191,0,128,128,128,128
192,0,128,128,128,128
193,0,128,128,128,128
194,0,128,128,128,128
195,0,128,128,128,128
196,0,128,128,128,128
197,0,128,128,128,128
198,0,128,128,128,128
199,0,128,128,128,128
200,16384,128,128,128,128
201,16384,128,128,128,128
202,16384,128,128,128,128
203,16384,128,128,128,128
204,16384,128,128,128,128
205,16384,128,128,128,128
206,0,128,128,128,128
207,0,128,128,128,128
208,0,128,128,128,128
209,0,128,128,128,128
210,0,128,128,128,128
211,0,128,128,128,128
212,0,128,128,128,128
213,0,128,128,128,128
214,0,128,128,128,128
215,0,128,128,128,128
216,0,128,128,128,128
217,0,128,128,128,128
218,0,128,128,128,128
219,0,128,128,128,128
220,0,128,128,128,128
221,0,128,128,128,128
222,0,128,128,128,128
223,0,128,128,128,128
224,0,128,128,128,128
225,0,128,128,128,128
226,0,128,128,128,128
227,0,128,128,128,128
228,0,128,128,128,128
229,0,128,128,128,128
230,0,128,128,128,128
231,0,128,128,128,128
232,0,128,128,128,128
233,0,128,128,128,128
234,0,128,128,128,128
235,0,128,128,128,128
236,0,128,128,128,128
237,0,128,128,128,128
238,0,128,128,128,128
239,0,128,128,128,128
240,0,128,128,128,128
241,0,128,128,128,128
242,0,128,128,128,128
243,0,128,128,128,128
244,0,128,128,128,128
245,0,128,128,128,128
246,0,128,128,128,128
247,0,128,128,128,128
248,0,128,128,128,128
249,0,128,128,128,128
250,0,128,128,128,128
251,0,128,128,128,128
252,0,128,128,128,128
253,0,128,128,128,128
254,0,128,128,128,128
255,0,128,128,128,128
256,0,128,128,128,128
257,0,128,128,128,128
258,0,128,128,128,128
259,0,128,128,128,128
260,0,128,128,128,128
261,0,128,128,128,128
262,0,128,128,128,128
263,0,128,128,128,128
264,0,128,128,128,128
265,0,128,128,128,128
266,0,128,128,128,128
267,0,128,128,128,128
268,0,128,128,128,128
269,0,128,128,128,128
270,0,128,128,128,128
271,0,128,128,128,128
272,0,128,128,128,128
273,0,128,128,128,128
274,0,128,128,128,128
275,0,128,128,128,128
276,0,128,128,128,128
277,0,128,128,128,128
278,0,128,128,128,128
279,0,128,128,128,128
280,0,128,128,128,128
281,0,128,128,128,128
282,0,128,128,128,128
283,0,128,128,128,128
284,0,128,128,128,128
285,0,128,128,128,128
286,0,128,128,128,128
287,0,128,128,128,128
288,0,128,128,128,128
289,0,128,128,128,128
290,0,128,128,128,128
291,0,128,128,128,128
292,0,128,128,128,128
293,0,128,128,128,128
294,0,128,128,128,128
295,0,128,128,128,128
296,0,128,128,128,128
297,0,128,128,128,128
298,0,128,128,128,128
299,0,128,128,128,128
300,0,128,128,128,128
301,0,128,128,128,128
302,0,128,128,128,128
303,0,128,128,128,128
304,0,128,128,128,128
305,0,128,128,128,128
306,0,128,128,128,128
307,0,128,128,128,128
308,0,128,128,128,128
309,0,128,128,128,128
310,0,128,128,128,128
311,0,128,128,128,128
312,0,128,128,128,128
313,0,128,128,128,128
314,0,128,128,128,128
315,0,128,128,128,128
316,0,128,128,128,128
317,0,128,128,128,128
318,0,128,128,128,128
319,0,128,128,128,128
320,0,128,128,128,128
321,0,128,128,128,128
322,0,128,128,128,128
323,0,128,128,128,128
324,0,128,128,128,128
325,0,128,128,128,128
326,0,128,128,128,128
327,0,128,128,128,128
328,0,128,128,128,128
329,0,128,128,128,128
330,0,128,128,128,128
331,0,128,128,128,128
332,0,128,128,128,128
333,0,128,128,128,128
334,0,128,128,128,128
335,0,128,128,128,128
336,0,128,128,128,128
337,0,128,128,128,128
338,0,128,128,128,128
339,0,128,128,128,128
340,0,128,128,128,128
341,0,128,128,128,128
342,0,128,128,128,128
343,0,128,128,128,128
344,0,128,128,128,128
345,0,128,128,128,128
346,0,128,128,128,128
347,0,128,128,128,128
348,0,128,128,128,128
349,0,128,128,128,128
350,0,128,128,128,128
351,0,128,128,128,128
352,0,128,128,128,128
353,0,128,128,128,128
354,0,128,128,128,128
355,0,128,128,128,128
356,0,128,128,128,128
357,0,128,128,128,128
358,0,128,128,128,128
359,0,128,128,128,128
360,0,128,128,128,128
361,0,128,128,128,128
362,0,128,128,128,128
363,0,128,128,128,128
364,0,128,128,128,128
365,0,128,128,128,128
366,0,128,128,128,128
367,0,128,128,128,128
368,0,128,128,128,128
369,0,128,128,128,128
370,0,128,128,128,128
371,0,128,128,128,128
372,0,128,128,128,128
373,0,128,128,128,128
374,0,128,128,128,128
375,0,128,128,128,128
376,0,128,128,128,128
377,0,128,128,128,128
378,0,128,128,128,128
379,0,128,128,128,128
380,0,128,128,128,128
381,0,128,128,128,128
382,0,128,128,128,128
383,0,128,128,128,128
384,0,128,128,128,128
385,0,128,128,128,128
386,0,128,128,128,128
387,0,128,128,128,128
388,0,128,128,128,128
389,0,128,128,128,128
390,0,128,128,128,128
391,0,128,128,128,128
392,0,128,128,128,128
393,0,128,128,128,128
394,0,128,128,128,128
395,0,128,128,128,128
396,0,128,128,128,128
397,0,128,128,128,128
398,0,128,128,128,128
399,0,128,128,128,128
400,0,128,128,128,128
401,0,128,128,128,128
402,0,128,128,128,128
403,0,128,128,128,128
404,0,128,128,128,128
405,0,128,128,128,128
406,0,128,128,128,128
407,0,128,128,128,128
408,0,128,128,128,128
409,0,128,128,128,128
410,0,128,128,128,128
411,0,128,128,128,128
412,0,128,128,128,128
413,0,128,128,128,128
414,0,128,128,128,128
415,0,128,128,128,128
416,0,128,128,128,128
417,0,128,128,128,128
418,0,128,128,128,128
419,0,128,128,128,128
420,0,128,128,128,128
421,0,128,128,128,128
422,0,128,128,128,128
423,0,128,128,128,128
424,0,128,128,128,128
425,0,128,128,128,128
426,0,128,128,128,128
427,0,128,128,128,128
428,0,128,128,128,128
429,0,128,128,128,128
430,0,128,128,128,128
431,0,128,128,128,128
432,0,128,128,128,128
433,0,128,128,128,128
434,0,128,128,128,128
435,0,128,128,128,128
436,0,128,128,128,128
437,0,128,128,128,128
438,0,128,128,128,128
439,0,128,128,128,128
440,0,128,128,128,128
441,0,128,128,128,128
442,0,128,128,128,128
443,0,128,128,128,128
444,0,128,128,128,128
445,0,128,128,128,128
446,0,128,128,128,128
447,0,128,128,128,128
448,0,128,128,128,128
449,0,128,128,128,128
450,0,128,128,128,128
451,0,128,128,128,128
452,0,128,128,128,128
453,0,128,128,128,128
454,0,128,128,128,128
455,0,128,128,128,128
456,0,128,128,128,128
457,0,128,128,128,128
458,0,128,128,128,128
459,0,128,128,128,128
460,0,128,128,128,128
461,0,128,128,128,128
462,0,128,128,128,128
463,0,128,128,128,128
464,0,128,128,128,128
465,0,128,128,128,128
466,0,128,128,128,128
467,0,128,128,128,128
468,0,128,128,128,128
469,0,128,128,128,128
470,0,128,128,128,128
471,0,128,128,128,128
472,0,128,128,128,128
473,0,128,128,128,128
474,0,128,128,128,128
475,0,128,128,128,128
476,0,128,128,128,128
477,0,128,128,128,128
478,0,128,128,128,128
479,0,128,128,128,128
480,0,128,128,128,128
481,0,128,128,128,128
482,0,128,128,128,128
483,0,128,128,128,128
484,0,128,128,128,128
485,0,128,128,128,128
486,0,128,128,128,128
487,0,128,128,128,128
488,0,128,128,128,128
489,0,128,128,128,128
490,0,128,128,128,128
491,0,128,128,128,128
492,0,128,128,128,128
493,0,128,128,128,128
494,0,128,128,128,128
495,0,128,128,128,128
496,0,128,128,128,128
497,0,128,128,128,128
498,0,128,128,128,128
499,0,128,128,128,128
500,0,128,128,128,128
501,0,128,128,128,128
502,0,128,128,128,128
503,0,128,128,128,128
504,0,128,128,128,128
505,0,128,128,128,128
506,0,128,128,128,128
507,0,128,128,128,128
508,0,128,128,128,128
509,0,128,128,128,128
510,0,128,128,128,128
511,0,128,128,128,128
512,0,128,128,128,128
513,0,128,128,128,128
514,0,128,128,128,128
515,0,128,128,128,128
516,0,128,128,128,128
517,0,128,128,128,128
518,0,128,128,128,128
519,0,128,128,128,128
520,0,128,128,128,128
521,0,128,128,128,128
522,0,128,128,128,128
523,0,128,128,128,128
524,0,128,128,128,128
525,0,128,128,128,128
526,0,128,128,128,128
527,0,128,128,128,128
528,0,128,128,128,128
529,0,128,128,128,128
530,0,128,128,128,128
531,0,128,128,128,128
532,0,128,128,128,128
533,0,128,128,128,128
534,0,128,128,128,128
535,0,128,128,128,128
536,0,128,128,128,128
537,0,128,128,128,128
538,0,128,128,128,128
539,0,128,128,128,128
540,0,128,128,128,128
541,0,128,128,128,128
542,0,128,128,128,128
543,0,128,128,128,128
544,0,128,128,128,128
545,0,128,128,128,128
546,0,128,128,128,128
547,0,128,128,128,128
548,0,128,128,128,128
549,0,128,128,128,128
550,0,128,128,128,128
551,0,128,128,128,128
552,0,128,128,128,128
553,0,128,128,128,128
554,0,128,128,128,128
555,0,128,128,128,128
556,0,128,128,128,128
557,0,128,128,128,128
558,0,128,128,128,128
559,0,128,128,128,128
560,0,128,128,128,128
561,0,128,128,128,128
562,0,128,128,128,128
563,0,128,128,128,128
564,0,128,128,128,128
565,0,128,128,128,128
566,0,128,128,128,128
567,0,128,128,128,128
568,0,128,128,128,128
569,0,128,128,128,128
570,0,128,128,128,128
571,0,128,128,128,128
572,0,128,128,128,128
573,0,128,128,128,128
574,0,128,128,128,128
575,0,128,128,128,128
576,0,128,128,128,128
577,0,128,128,128,128
578,0,128,128,128,128
579,0,128,128,128,128
580,0,128,128,128,128
581,0,128,128,128,128
582,0,128,128,128,128
583,0,128,128,128,128
584,0,128,128,128,128
585,0,128,128,128,128
586,0,128,128,128,128
587,0,128,128,128,128
588,0,128,128,128,128
589,0,128,128,128,128
590,0,128,128,128,128
591,0,128,128,128,128
592,0,128,128,128,128
593,0,128,128,128,128
594,0,128,128,128,128
595,0,128,128,128,128
596,0,128,128,128,128
597,0,128,128,128,128
598,0,128,128,128,128
599,0,128,128,128,128
600,0,128,128,128,128
601,0,128,128,128,128
602,0,128,128,128,128
603,0,128,128,128,128
604,0,128,128,128,128
605,0,128,128,128,128
606,0,128,128,128,128
607,0,128,128,128,128
608,0,128,128,128,128
609,0,128,128,128,128
610,0,128,128,128,128
611,0,128,128,128,128
612,0,128,128,128,128
613,0,128,128,128,128
614,0,128,128,128,128
615,0,128,128,128,128
616,0,128,128,128,128
617,0,128,128,128,128
618,0,128,128,128,128
619,0,128,128,128,128
620,0,128,128,128,128
621,0,128,128,128,128
622,0,128,128,128,128
623,0,128,128,128,128
624,0,128,128,128,128
625,0,128,128,128,128
626,0,128,128,128,128
627,0,128,128,128,128
628,0,128,128,128,128
629,0,128,128,128,128
630,0,128,128,128,128
631,0,128,128,128,128
632,0,128,128,128,128
633,0,128,128,128,128
634,0,128,128,128,128
635,0,128,128,128,128
636,0,128,128,128,128
637,0,128,128,128,128
638,0,128,128,128,128
639,0,128,128,128,128
640,0,128,128,128,128
641,0,128,128,128,128
642,0,128,128,128,128
643,0,128,128,128,128
644,0,128,128,128,128
645,0,128,128,128,128
646,0,128,128,128,128
647,0,128,128,128,128
648,0,128,128,128,128
649,0,128,128,128,128
650,16384,128,128,128,128
651,16384,128,128,128,128
652,16384,128,128,128,128
653,16384,128,128,128,128
654,16384,128,128,128,128
655,16384,128,128,128,128
656,0,128,128,128,128
657,0,128,128,128,128
658,0,128,128,128,128
659,0,128,128,128,128
660,0,128,128,128,128
661,0,128,128,128,128
662,0,128,128,128,128
663,0,128,128,128,128
664,0,128,128,128,128
665,0,128,128,128,128
666,0,128,128,128,128
667,0,128,128,128,128
668,0,128,128,128,128
669,0,128,128,128,128
670,0,128,128,128,128
671,0,128,128,128,128
672,0,128,128,128,128
673,0,128,128,128,128
674,0,128,128,128,128
675,0,128,128,128,128
676,0,128,128,128,128
677,0,128,128,128,128
678,0,128,128,128,128
679,0,128,128,128,128
680,0,128,128,128,128
681,0,128,128,128,128
682,0,128,128,128,128
683,0,128,128,128,128
684,0,128,128,128,128
685,0,128,128,128,128
686,0,128,128,128,128
687,0,128,128,128,128
688,0,128,128,128,128
689,0,128,128,128,128
690,0,128,128,128,128
691,0,128,128,128,128
692,0,128,128,128,128
693,0,128,128,128,128
694,0,128,128,128,128
695,0,128,128,128,128
696,0,128,128,128,128
697,0,128,128,128,128
698,0,128,128,128,128
699,0,128,128,128,128
700,0,128,128,128,128
701,0,128,128,128,128
702,0,128,128,128,128
703,0,128,128,128,128
704,0,128,128,128,128
705,0,128,128,128,128
706,0,128,128,128,128
707,0,128,128,128,128
708,0,128,128,128,128
709,0,128,128,128,128
710,0,128,128,128,128
711,0,128,128,128,128
712,0,128,128,128,128
713,0,128,128,128,128
714,0,128,128,128,128
715,0,128,128,128,128
716,0,128,128,128,128
717,0,128,128,128,128
718,0,128,128,128,128
719,0,128,128,128,128
720,0,128,128,128,128
721,0,128,128,128,128
722,0,128,128,128,128
723,0,128,128,128,128
724,0,128,128,128,128
725,0,128,128,128,128
726,0,128,128,128,128
727,0,128,128,128,128
728,0,128,128,128,128
729,0,128,128,128,128
730,0,128,128,128,128
731,0,128,128,128,128
732,0,128,128,128,128
733,0,128,128,128,128
734,0,128,128,128,128
735,0,128,128,128,128
736,0,128,128,128,128
737,0,128,128,128,128
738,0,128,128,128,128
739,0,128,128,128,128
740,0,128,128,128,128
741,0,128,128,128,128
742,0,128,128,128,128
743,0,128,128,128,128
744,0,128,128,128,128
745,0,128,128,128,128
746,0,128,128,128,128
747,0,128,128,128,128
748,0,128,128,128,128
749,0,128,128,128,128
750,0,128,128,128,128
751,0,128,128,128,128
752,0,128,128,128,128
753,0,128,128,128,128
754,0,128,128,128,128
755,0,128,128,128,128
756,0,128,128,128,128
757,0,128,128,128,128
758,0,128,128,128,128
759,0,128,128,128,128
760,0,128,128,128,128
761,0,128,128,128,128
762,0,128,128,128,128
763,0,128,128,128,128
764,0,128,128,128,128
765,0,128,128,128,128
766,0,128,128,128,128
767,0,128,128,128,128
768,0,128,128,128,128
769,0,128,128,128,128
770,0,128,128,128,128
771,0,128,128,128,128
772,0,128,128,128,128
773,0,128,128,128,128
774,0,128,128,128,128
775,0,128,128,128,128
776,0,128,128,128,128
777,0,128,128,128,128
778,0,128,128,128,128
779,0,128,128,128,128
780,0,128,128,128,128
781,0,128,128,128,128
782,0,128,128,128,128
783,0,128,128,128,128
784,0,128,128,128,128
785,0,128,128,128,128
786,0,128,128,128,128
787,0,128,128,128,128
788,0,128,128,128,128
789,0,128,128,128,128
790,0,128,128,128,128
791,0,128,128,128,128
792,0,128,128,128,128
793,0,128,128,128,128
794,0,128,128,128,128
795,0,128,128,128,128
796,0,128,128,128,128
797,0,128,128,128,128
798,0,128,128,128,128
799,0,128,128,128,128
800,16384,128,128,128,128
801,16384,128,128,128,128
802,16384,128,128,128,128
803,16384,128,128,128,128
804,16384,128,128,128,128
805,16384,128,128,128,128
806,0,128,128,128,128
807,0,128,128,128,128
808,0,128,128,128,128
809,0,128,128,128,128
810,0,128,128,128,128
811,0,128,128,128,128
812,0,128,128,128,128
813,0,128,128,128,128
814,0,128,128,128,128
815,0,128,128,128,128
816,0,128,128,128,128
817,0,128,128,128,128
818,0,128,128,128,128
819,0,128,128,128,128
820,0,128,128,128,128
821,0,128,128,128,128
822,0,128,128,128,128
823,0,128,128,128,128
824,0,128,128,128,128
825,0,128,128,128,128
826,0,128,128,128,128
827,0,128,128,128,128
828,0,128,128,128,128
829,0,128,128,128,128
830,0,128,128,128,128
831,0,128,128,128,128
832,0,128,128,128,128
833,0,128,128,128,128
834,0,128,128,128,128
835,0,128,128,128,128
836,0,128,128,128,128
837,0,128,128,128,128
838,0,128,128,128,128
839,0,128,128,128,128
840,0,128,128,128,128
841,0,128,128,128,128
842,0,128,128,128,128
843,0,128,128,128,128
844,0,128,128,128,128
845,0,128,128,128,128
846,0,128,128,128,128
847,0,128,128,128,128
848,0,128,128,128,128
849,0,128,128,128,128
850,0,128,128,128,128
851,0,128,128,128,128
852,0,128,128,128,128
853,0,128,128,128,128
854,0,128,128,128,128
855,0,128,128,128,128
856,0,128,128,128,128
857,0,128,128,128,128
858,0,128,128,128,128
859,0,128,128,128,128
860,0,128,128,128,128
861,0,128,128,128,128
862,0,128,128,128,128
863,0,128,128,128,128
864,0,128,128,128,128
865,0,128,128,128,128
866,0,128,128,128,128
867,0,128,128,128,128
868,0,128,128,128,128
869,0,128,128,128,128
870,0,128,128,128,128
871,0,128,128,128,128
872,0,128,128,128,128
873,0,128,128,128,128
874,0,128,128,128,128
875,0,128,128,128,128
876,0,128,128,128,128
877,0,128,128,128,128
878,0,128,128,128,128
879,0,128,128,128,128
880,0,128,128,128,128
881,0,128,128,128,128
882,0,128,128,128,128
883,0,128,128,128,128
884,0,128,128,128,128
885,0,128,128,128,128
886,0,128,128,128,128
887,0,128,128,128,128
888,0,128,128,128,128
889,0,128,128,128,128
890,0,128,128,128,128
891,0,128,128,128,128
892,0,128,128,128,128
893,0,128,128,128,128
894,0,128,128,128,128
895,0,128,128,128,128
896,0,128,128,128,128
897,0,128,128,128,128
898,0,128,128,128,128
899,0,128,128,128,128
900,0,128,128,128,128
901,0,128,128,128,128
902,0,128,128,128,128
903,0,128,128,128,128
904,0,128,128,128,128
905,0,128,128,128,128
906,0,128,128,128,128
907,0,128,128,128,128
908,0,128,128,128,128
909,0,128,128,128,128
910,0,128,128,128,128
911,0,128,128,128,128
912,0,128,128,128,128
913,0,128,128,128,128
914,0,128,128,128,128
915,0,128,128,128,128
916,0,128,128,128,128
917,0,128,128,128,128
918,0,128,128,128,128
919,0,128,128,128,128
920,0,128,128,128,128
921,0,128,128,128,128
922,0,128,128,128,128
923,0,128,128,128,128
924,0,128,128,128,128
925,0,128,128,128,128
926,0,128,128,128,128
927,0,128,128,128,128
928,0,128,128,128,128
929,0,128,128,128,128
930,0,128,128,128,128
931,0,128,128,128,128
932,0,128,128,128,128
933,0,128,128,128,128
934,0,128,128,128,128
935,0,128,128,128,128
936,0,128,128,128,128
937,0,128,128,128,128
938,0,128,128,128,128
939,0,128,128,128,128
940,0,128,128,128,128
941,0,128,128,128,128
942,0,128,128,128,128
943,0,128,128,128,128
944,0,128,128,128,128
945,0,128,128,128,128
946,0,128,128,128,128
947,0,128,128,128,128
948,0,128,128,128,128
949,0,128,128,128,128
950,0,128,128,128,128
951,0,128,128,128,128
952,0,128,128,128,128
953,0,128,128,128,128
954,0,128,128,128,128
955,0,128,128,128,128
956,0,128,128,128,128
957,0,128,128,128,128
958,0,128,128,128,128
959,0,128,128,128,128
960,0,128,128,128,128
961,0,128,128,128,128
962,0,128,128,128,128
963,0,128,128,128,128
964,0,128,128,128,128
965,0,128,128,128,128
966,0,128,128,128,128
967,0,128,128,128,128
968,0,128,128,128,128
969,0,128,128,128,128
970,0,128,128,128,128
971,0,128,128,128,128
972,0,128,128,128,128
973,0,128,128,128,128
974,0,128,128,128,128
975,0,128,128,128,128
976,0,128,128,128,128
977,0,128,128,128,128
978,0,128,128,128,128
979,0,128,128,128,128
980,0,128,128,128,128
981,0,128,128,128,128
982,0,128,128,128,128
983,0,128,128,128,128
984,0,128,128,128,128
985,0,128,128,128,128
986,0,128,128,128,128
987,0,128,128,128,128
988,0,128,128,128,128
989,0,128,128,128,128
990,0,128,128,128,128
991,0,128,128,128,128
992,0,128,128,128,128
993,0,128,128,128,128
994,0,128,128,128,128
995,0,128,128,128,128
996,0,128,128,128,128
997,0,128,128,128,128
998,0,128,128,128,128
999,0,128,128,128,128
1000,4096,128,128,128,128
1001,4096,128,128,128,128
1002,4096,128,128,128,128
1003,4096,128,128,128,128
1004,4096,128,128,128,128
1005,4096,128,128,128,128
1006,0,128,128,128,128
1007,0,128,128,128,128
1008,0,128,128,128,128
1009,0,128,128,128,128
1010,0,128,128,128,128
1011,0,128,128,128,128
1012,0,128,128,128,128
1013,0,128,128,128,128
1014,0,128,128,128,128
1015,0,128,128,128,128
1016,0,128,128,128,128
1017,0,128,128,128,128
1018,0,128,128,128,128
1019,0,128,128,128,128
1020,0,128,128,128,128
1021,0,128,128,128,128
1022,0,128,128,128,128
1023,0,128,128,128,128
1024,0,128,128,128,128
1025,0,128,128,128,128
1026,0,128,128,128,128
1027,0,128,128,128,128
1028,0,128,128,128,128
1029,0,128,128,128,128
1030,0,128,128,128,128
1031,0,128,128,128,128
1032,0,128,128,128,128
1033,0,128,128,128,128
1034,0,128,128,128,128
1035,0,128,128,128,128
1036,0,128,128,128,128
1037,0,128,128,128,128
1038,0,128,128,128,128
1039,0,128,128,128,128
1040,0,128,128,128,128
1041,0,128,128,128,128
1042,0,128,128,128,128
1043,0,128,128,128,128
1044,0,128,128,128,128
1045,0,128,128,128,128
1046,0,128,128,128,128
1047,0,128,128,128,128
1048,0,128,128,128,128
1049,0,128,128,128,128
1050,0,128,128,128,128
1051,0,128,128,128,128
1052,0,128,128,128,128
1053,0,128,128,128,128
1054,0,128,128,128,128
1055,0,128,128,128,128
1056,0,128,128,128,128
1057,0,128,128,128,128
1058,0,128,128,128,128
1059,0,128,128,128,128
1060,0,128,128,128,128
1061,0,128,128,128,128
1062,0,128,128,128,128
1063,0,128,128,128,128
1064,0,128,128,128,128
1065,0,128,128,128,128
1066,0,128,128,128,128
1067,0,128,128,128,128
1068,0,128,128,128,128
1069,0,128,128,128,128
1070,0,128,128,128,128
1071,0,128,128,128,128
1072,0,128,128,128,128
1073,0,128,128,128,128
1074,0,128,128,128,128
1075,0,128,128,128,128
1076,0,128,128,128,128
1077,0,128,128,128,128
1078,0,128,128,128,128
1079,0,128,128,128,128
1080,0,128,128,128,128
1081,0,128,128,128,128
1082,0,128,128,128,128
1083,0,128,128,128,128
1084,0,128,128,128,128
1085,0,128,128,128,128
1086,0,128,128,128,128
1087,0,128,128,128,128
1088,0,128,128,128,128
1089,0,128,128,128,128
1090,0,128,128,128,128
1091,0,128,128,128,128
1092,0,128,128,128,128
1093,0,128,128,128,128
1094,0,128,128,128,128
1095,0,128,128,128,128
1096,0,128,128,128,128
1097,0,128,128,128,128
1098,0,128,128,128,128
1099,0,128,128,128,128
1100,0,128,128,128,128
1101,0,128,128,128,128
1102,0,128,128,128,128
1103,0,128,128,128,128
1104,0,128,128,128,128
1105,0,128,128,128,128
1106,0,128,128,128,128
1107,0,128,128,128,128
1108,0,128,128,128,128
1109,0,128,128,128,128
1110,0,128,128,128,128
1111,0,128,128,128,128
1112,0,128,128,128,128
1113,0,128,128,128,128
1114,0,128,128,128,128
1115,0,128,128,128,128
1116,0,128,128,128,128
1117,0,128,128,128,128
1118,0,128,128,128,128
1119,0,128,128,128,128
1120,0,128,128,128,128
1121,0,128,128,128,128
1122,0,128,128,128,128
1123,0,128,128,128,128
1124,0,128,128,128,128
1125,0,128,128,128,128
1126,0,128,128,128,128
1127,0,128,128,128,128
1128,0,128,128,128,128
1129,0,128,128,128,128
1130,0,128,128,128,128
1131,0,128,128,128,128
1132,0,128,128,128,128
1133,0,128,128,128,128
1134,0,128,128,128,128
1135,0,128,128,128,128
1136,0,128,128,128,128
1137,0,128,128,128,128
1138,0,128,128,128,128
1139,0,128,128,128,128
1140,0,128,128,128,128
1141,0,128,128,128,128
1142,0,128,128,128,128
1143,0,128,128,128,128
1144,0,128,128,128,128
1145,0,128,128,128,128
1146,0,128,128,128,128
1147,0,128,128,128,128
1148,0,128,128,128,128
1149,0,128,128,128,128
1150,0,128,128,128,128
1151,0,128,128,128,128
1152,0,128,128,128,128
1153,0,128,128,128,128
1154,0,128,128,128,128
1155,0,128,128,128,128
1156,0,128,128,128,128
1157,0,128,128,128,128
1158,0,128,128,128,128
1159,0,128,128,128,128
1160,0,128,128,128,128
1161,0,128,128,128,128
1162,0,128,128,128,128
1163,0,128,128,128,128
1164,0,128,128,128,128
1165,0,128,128,128,128
1166,0,128,128,128,128
1167,0,128,128,128,128
1168,0,128,128,128,128
1169,0,128,128,128,128
1170,0,128,128,128,128
1171,0,128,128,128,128
1172,0,128,128,128,128
1173,0,128,128,128,128
1174,0,128,128,128,128
1175,0,128,128,128,128
1176,0,128,128,128,128
1177,0,128,128,128,128
1178,0,128,128,128,128
1179,0,128,128,128,128
1180,0,128,128,128,128
1181,0,128,128,128,128
1182,0,128,128,128,128
1183,0,128,128,128,128
1184,0,128,128,128,128
1185,0,128,128,128,128
1186,0,128,128,128,128
1187,0,128,128,128,128
1188,0,128,128,128,128
1189,0,128,128,128,128
1190,0,128,128,128,128
1191,0,128,128,128,128
1192,0,128,128,128,128
1193,0,128,128,128,128
1194,0,128,128,128,128
1195,0,128,128,128,128
1196,0,128,128,128,128
1197,0,128,128,128,128
1198,0,128,128,128,128
1199,0,128,128,128,128
1200,4096,128,128,128,128
1201,4096,128,128,128,128
1202,4096,128,128,128,128
1203,4096,128,128,128,128
1204,4096,128,128,128,128
1205,4096,128,128,128,128
1206,0,128,128,128,128
1207,0,128,128,128,128
1208,0,128,128,128,128
1209,0,128,128,128,128
1210,0,128,128,128,128
1211,0,128,128,128,128
1212,0,128,128,128,128
1213,0,128,128,128,128
1214,0,128,128,128,128
1215,0,128,128,128,128
1216,0,128,128,128,128
1217,0,128,128,128,128
1218,0,128,128,128,128
1219,0,128,128,128,128
1220,0,128,128,128,128
1221,0,128,128,128,128
1222,0,128,128,128,128
1223,0,128,128,128,128
1224,0,128,128,128,128
1225,0,128,128,128,128
1226,0,128,128,128,128
1227,0,128,128,128,128
1228,0,128,128,128,128
1229,0,128,128,128,128
1230,0,128,128,128,128
1231,0,128,128,128,128
1232,0,128,128,128,128
1233,0,128,128,128,128
1234,0,128,128,128,128
1235,0,128,128,128,128
1236,0,128,128,128,128
1237,0,128,128,128,128
1238,0,128,128,128,128
1239,0,128,128,128,128
1240,0,128,128,128,128
1241,0,128,128,128,128
1242,0,128,128,128,128
1243,0,128,128,128,128
1244,0,128,128,128,128
1245,0,128,128,128,128
1246,0,128,128,128,128
1247,0,128,128,128,128
1248,0,128,128,128,128
1249,0,128,128,128,128
1250,0,128,128,128,128
1251,0,128,128,128,128
1252,0,128,128,128,128
1253,0,128,128,128,128
1254,0,128,128,128,128
1255,0,128,128,128,128
1256,0,128,128,128,128
1257,0,128,128,128,128
1258,0,128,128,128,128
1259,0,128,128,128,128
1260,0,128,128,128,128
1261,0,128,128,128,128
1262,0,128,128,128,128
1263,0,128,128,128,128
1264,0,128,128,128,128
1265,0,128,128,128,128
1266,0,128,128,128,128
1267,0,128,128,128,128
1268,0,128,128,128,128
1269,0,128,128,128,128
1270,0,128,128,128,128
1271,0,128,128,128,128
1272,0,128,128,128,128
1273,0,128,128,128,128
1274,0,128,128,128,128
1275,0,128,128,128,128
1276,0,128,128,128,128
1277,0,128,128,128,128
1278,0,128,128,128,128
1279,0,128,128,128,128
1280,0,128,128,128,128
1281,0,128,128,128,128
1282,0,128,128,128,128
1283,0,128,128,128,128
1284,0,128,128,128,128
1285,0,128,128,128,128
1286,0,128,128,128,128
1287,0,128,128,128,128
1288,0,128,128,128,128
1289,0,128,128,128,128
1290,0,128,128,128,128
1291,0,128,128,128,128
1292,0,128,128,128,128
1293,0,128,128,128,128
1294,0,128,128,128,128
1295,0,128,128,128,128
1296,0,128,128,128,128
1297,0,128,128,128,128
1298,0,128,128,128,128
1299,0,128,128,128,128
1300,0,128,128,128,128
1301,0,128,128,128,128
1302,0,128,128,128,128
1303,0,128,128,128,128
1304,0,128,128,128,128
1305,0,128,128,128,128
1306,0,128,128,128,128
1307,0,128,128,128,128
1308,0,128,128,128,128
1309,0,128,128,128,128
1310,0,128,128,128,128
1311,0,128,128,128,128
1312,0,128,128,128,128
1313,0,128,128,128,128
1314,0,128,128,128,128
1315,0,128,128,128,128
1316,0,128,128,128,128
1317,0,128,128,128,128
1318,0,128,128,128,128
1319,0,128,128,128,128
1320,0,128,128,128,128
1321,0,128,128,128,128
1322,0,128,128,128,128
1323,0,128,128,128,128
1324,0,128,128,128,128
1325,0,128,128,128,128
1326,0,128,128,128,128
1327,0,128,128,128,128
1328,0,128,128,128,128
1329,0,128,128,128,128
1330,0,128,128,128,128
1331,0,128,128,128,128
1332,0,128,128,128,128
1333,0,128,128,128,128
1334,0,128,128,128,128
1335,0,128,128,128,128
1336,0,128,128,128,128
1337,0,128,128,128,128
1338,0,128,128,128,128
1339,0,128,128,128,128
1340,0,128,128,128,128
1341,0,128,128,128,128
1342,0,128,128,128,128
1343,0,128,128,128,128
1344,0,128,128,128,128
1345,0,128,128,128,128
1346,0,128,128,128,128
1347,0,128,128,128,128
1348,0,128,128,128,128
1349,0,128,128,128,128
1350,0,128,128,128,128
1351,0,128,128,128,128
1352,0,128,128,128,128
1353,0,128,128,128,128
1354,0,128,128,128,128
1355,0,128,128,128,128
1356,0,128,128,128,128
1357,0,128,128,128,128
1358,0,128,128,128,128
1359,0,128,128,128,128
1360,0,128,128,128,128
1361,0,128,128,128,128
1362,0,128,128,128,128
1363,0,128,128,128,128
1364,0,128,128,128,128
1365,0,128,128,128,128
1366,0,128,128,128,128
1367,0,128,128,128,128
1368,0,128,128,128,128
1369,0,128,128,128,128
1370,0,128,128,128,128
1371,0,128,128,128,128
1372,0,128,128,128,128
1373,0,128,128,128,128
1374,0,128,128,128,128
1375,0,128,128,128,128
1376,0,128,128,128,128
1377,0,128,128,128,128
1378,0,128,128,128,128
1379,0,128,128,128,128
1380,0,128,128,128,128
1381,0,128,128,128,128
1382,0,128,128,128,128
1383,0,128,128,128,128
1384,0,128,128,128,128
1385,0,128,128,128,128
1386,0,128,128,128,128
1387,0,128,128,128,128
1388,0,128,128,128,128
1389,0,128,128,128,128
1390,0,128,128,128,128
1391,0,128,128,128,128
1392,0,128,128,128,128
1393,0,128,128,128,128
1394,0,128,128,128,128
1395,0,128,128,128,128
1396,0,128,128,128,128
1397,0,128,128,128,128
1398,0,128,128,128,128
1399,0,128,128,128,128
1400,0,128,128,128,128
1401,0,128,128,128,128
1402,0,128,128,128,128
1403,0,128,128,128,128
1404,0,128,128,128,128
1405,0,128,128,128,128
1406,0,128,128,128,128
1407,0,128,128,128,128
1408,0,128,128,128,128
1409,0,128,128,128,128
1410,0,128,128,128,128
1411,0,128,128,128,128
1412,0,128,128,128,128
1413,0,128,128,128,128
1414,0,128,128,128,128
1415,0,128,128,128,128
1416,0,128,128,128,128
1417,0,128,128,128,128
1418,0,128,128,128,128
1419,0,128,128,128,128
1420,0,128,128,128,128
1421,0,128,128,128,128
1422,0,128,128,128,128
1423,0,128,128,128,128
1424,0,128,128,128,128
1425,0,128,128,128,128
1426,0,128,128,128,128
1427,0,128,128,128,128
1428,0,128,128,128,128
1429,0,128,128,128,128
1430,0,128,128,128,128
1431,0,128,128,128,128
1432,0,128,128,128,128
1433,0,128,128,128,128
1434,0,128,128,128,128
1435,0,128,128,128,128
1436,0,128,128,128,128
1437,0,128,128,128,128
1438,0,128,128,128,128
1439,0,128,128,128,128
1440,0,128,128,128,128
1441,0,128,128,128,128
1442,0,128,128,128,128
1443,0,128,128,128,128
1444,0,128,128,128,128
1445,0,128,128,128,128
1446,0,128,128,128,128
1447,0,128,128,128,128
1448,0,128,128,128,128
1449,0,128,128,128,128
1450,0,128,128,128,128
1451,0,128,128,128,128
1452,0,128,128,128,128
1453,0,128,128,128,128
1454,0,128,128,128,128
1455,0,128,128,128,128
1456,0,128,128,128,128
1457,0,128,128,128,128
1458,0,128,128,128,128
1459,0,128,128,128,128
1460,0,128,128,128,128
1461,0,128,128,128,128
1462,0,128,128,128,128
1463,0,128,128,128,128
1464,0,128,128,128,128
1465,0,128,128,128,128
1466,0,128,128,128,128
1467,0,128,128,128,128
1468,0,128,128,128,128
1469,0,128,128,128,128
1470,0,128,128,128,128
1471,0,128,128,128,128
1472,0,128,128,128,128
1473,0,128,128,128,128
1474,0,128,128,128,128
1475,0,128,128,128,128
1476,0,128,128,128,128
1477,0,128,128,128,128
1478,0,128,128,128,128
1479,0,128,128,128,128
1480,0,128,128,128,128
1481,0,128,128,128,128
1482,0,128,128,128,128
1483,0,128,128,128,128
1484,0,128,128,128,128
1485,0,128,128,128,128
1486,0,128,128,128,128
1487,0,128,128,128,128
1488,0,128,128,128,128
1489,0,128,128,128,128
1490,0,128,128,128,128
1491,0,128,128,128,128
1492,0,128,128,128,128
1493,0,128,128,128,128
1494,0,128,128,128,128
1495,0,128,128,128,128
1496,0,128,128,128,128
1497,0,128,128,128,128
1498,0,128,128,128,128
1499,0,128,128,128,128
1500,0,128,128,128,128
1501,0,128,128,128,128
1502,0,128,128,128,128
1503,0,128,128,128,128
1504,0,128,128,128,128
1505,0,128,128,128,128
1506,0,128,128,128,128
1507,0,128,128,128,128
1508,0,128,128,128,128
1509,0,128,128,128,128
1510,0,128,128,128,128
1511,0,128,128,128,128
1512,0,128,128,128,128
1513,0,128,128,128,128
1514,0,128,128,128,128
1515,0,128,128,128,128
1516,0,128,128,128,128
1517,0,128,128,128,128
1518,0,128,128,128,128
1519,0,128,128,128,128
1520,0,128,128,128,128
1521,0,128,128,128,128
1522,0,128,128,128,128
1523,0,128,128,128,128
1524,0,128,128,128,128
1525,0,128,128,128,128
1526,0,128,128,128,128
1527,0,128,128,128,128
1528,0,128,128,128,128
1529,0,128,128,128,128
1530,0,128,128,128,128
1531,0,128,128,128,128
1532,0,128,128,128,128
1533,0,128,128,128,128
1534,0,128,128,128,128
1535,0,128,128,128,128
1536,0,128,128,128,128
1537,0,128,128,128,128
1538,0,128,128,128,128
1539,0,128,128,128,128
1540,0,128,128,128,128
1541,0,128,128,128,128
1542,0,128,128,128,128
1543,0,128,128,128,128
1544,0,128,128,128,128
1545,0,128,128,128,128
1546,0,128,128,128,128
1547,0,128,128,128,128
1548,0,128,128,128,128
1549,0,128,128,128,128
1550,0,128,128,128,128
1551,0,128,128,128,128
1552,0,128,128,128,128
1553,0,128,128,128,128
1554,0,128,128,128,128
1555,0,128,128,128,128
1556,0,128,128,128,128
1557,0,128,128,128,128
1558,0,128,128,128,128
1559,0,128,128,128,128
1560,0,128,128,128,128
1561,0,128,128,128,128
1562,0,128,128,128,128
1563,0,128,128,128,128
1564,0,128,128,128,128
1565,0,128,128,128,128
1566,0,128,128,128,128
1567,0,128,128,128,128
1568,0,128,128,128,128
1569,0,128,128,128,128
1570,0,128,128,128,128
1571,0,128,128,128,128
1572,0,128,128,128,128
1573,0,128,128,128,128
1574,0,128,128,128,128
1575,0,128,128,128,128
1576,0,128,128,128,128
1577,0,128,128,128,128
1578,0,128,128,128,128
1579,0,128,128,128,128
1580,0,128,128,128,128
1581,0,128,128,128,128
1582,0,128,128,128,128
1583,0,128,128,128,128
1584,0,128,128,128,128
1585,0,128,128,128,128
1586,0,128,128,128,128
1587,0,128,128,128,128
1588,0,128,128,128,128
1589,0,128,128,128,128
1590,0,128,128,128,128
1591,0,128,128,128,128
1592,0,128,128,128,128
1593,0,128,128,128,128
1594,0,128,128,128,128
1595,0,128,128,128,128
1596,0,128,128,128,128
1597,0,128,128,128,128
1598,0,128,128,128,128
1599,0,128,128,128,128
1600,0,128,128,128,128
1601,0,128,128,128,128
1602,0,128,128,128,128
1603,0,128,128,128,128
1604,0,128,128,128,128
1605,0,128,128,128,128
1606,0,128,128,128,128
1607,0,128,128,128,128
1608,0,128,128,128,128
1609,0,128,128,128,128
1610,0,128,128,128,128
1611,0,128,128,128,128
1612,0,128,128,128,128
1613,0,128,128,128,128
1614,0,128,128,128,128
1615,0,128,128,128,128
1616,0,128,128,128,128
1617,0,128,128,128,128
1618,0,128,128,128,128
1619,0,128,128,128,128
1620,0,128,128,128,128
1621,0,128,128,128,128
1622,0,128,128,128,128
1623,0,128,128,128,128
1624,0,128,128,128,128
1625,0,128,128,128,128
1626,0,128,128,128,128
1627,0,128,128,128,128
1628,0,128,128,128,128
1629,0,128,128,128,128
1630,0,128,128,128,128
1631,0,128,128,128,128
1632,0,128,128,128,128
1633,0,128,128,128,128
1634,0,128,128,128,128
1635,0,128,128,128,128
1636,0,128,128,128,128
1637,0,128,128,128,128
1638,0,128,128,128,128
1639,0,128,128,128,128
1640,0,128,128,128,128
1641,0,128,128,128,128
1642,0,128,128,128,128
1643,0,128,128,128,128
1644,0,128,128,128,128
1645,0,128,128,128,128
1646,0,128,128,128,128
1647,0,128,128,128,128
1648,0,128,128,128,128
1649,0,128,128,128,128
1650,0,128,128,128,128
1651,0,128,128,128,128
1652,0,128,128,128,128
1653,0,128,128,128,128
1654,0,128,128,128,128
1655,0,128,128,128,128
1656,0,128,128,128,128
1657,0,128,128,128,128
1658,0,128,128,128,128
1659,0,128,128,128,128
1660,0,128,128,128,128
1661,0,128,128,128,128
1662,0,128,128,128,128
1663,0,128,128,128,128
1664,0,128,128,128,128
1665,0,128,128,128,128
1666,0,128,128,128,128
1667,0,128,128,128,128
1668,0,128,128,128,128
1669,0,128,128,128,128
1670,0,128,128,128,128
1671,0,128,128,128,128
1672,0,128,128,128,128
1673,0,128,128,128,128
1674,0,128,128,128,128
1675,0,128,128,128,128
1676,0,128,128,128,128
1677,0,128,128,128,128
1678,0,128,128,128,128
1679,0,128,128,128,128
1680,0,128,128,128,128
1681,0,128,128,128,128
1682,0,128,128,128,128
1683,0,128,128,128,128
1684,0,128,128,128,128
1685,0,128,128,128,128
1686,0,128,128,128,128
1687,0,128,128,128,128
1688,0,128,128,128,128
1689,0,128,128,128,128
1690,0,128,128,128,128
1691,0,128,128,128,128
1692,0,128,128,128,128
1693,0,128,128,128,128
1694,0,128,128,128,128
1695,0,128,128,128,128
1696,0,128,128,128,128
1697,0,128,128,128,128
1698,0,128,128,128,128
1699,0,128,128,128,128
1700,0,128,128,128,128
1701,0,128,128,128,128
1702,0,128,128,128,128
1703,0,128,128,128,128
1704,0,128,128,128,128
1705,0,128,128,128,128
1706,0,128,128,128,128
1707,0,128,128,128,128
1708,0,128,128,128,128
1709,0,128,128,128,128
1710,0,128,128,128,128
1711,0,128,128,128,128
1712,0,128,128,128,128
1713,0,128,128,128,128
1714,0,128,128,128,128
1715,0,128,128,128,128
1716,0,128,128,128,128
1717,0,128,128,128,128
1718,0,128,128,128,128
1719,0,128,128,128,128
1720,0,128,128,128,128
1721,0,128,128,128,128
1722,0,128,128,128,128
1723,0,128,128,128,128
1724,0,128,128,128,128
1725,0,128,128,128,128
1726,0,128,128,128,128
1727,0,128,128,128,128
1728,0,128,128,128,128
1729,0,128,128,128,128
1730,0,128,128,128,128
1731,0,128,128,128,128
1732,0,128,128,128,128
1733,0,128,128,128,128
1734,0,128,128,128,128
1735,0,128,128,128,128
1736,0,128,128,128,128
1737,0,128,128,128,128
1738,0,128,128,128,128
1739,0,128,128,128,128
1740,0,128,128,128,128
1741,0,128,128,128,128
1742,0,128,128,128,128
1743,0,128,128,128,128
1744,0,128,128,128,128
1745,0,128,128,128,128
1746,0,128,128,128,128
1747,0,128,128,128,128
1748,0,128,128,128,128
1749,0,128,128,128,128
1750,0,128,128,128,128
1751,0,128,128,128,128
1752,0,128,128,128,128
1753,0,128,128,128,128
1754,0,128,128,128,128
1755,0,128,128,128,128
1756,0,128,128,128,128
1757,0,128,128,128,128
1758,0,128,128,128,128
1759,0,128,128,128,128
1760,0,128,128,128,128
1761,0,128,128,128,128
1762,0,128,128,128,128
1763,0,128,128,128,128
1764,0,128,128,128,128
1765,0,128,128,128,128
1766,0,128,128,128,128
1767,0,128,128,128,128
1768,0,128,128,128,128
1769,0,128,128,128,128
1770,0,128,128,128,128
1771,0,128,128,128,128
1772,0,128,128,128,128
1773,0,128,128,128,128
1774,0,128,128,128,128
1775,0,128,128,128,128
1776,0,128,128,128,128
1777,0,128,128,128,128
1778,0,128,128,128,128
1779,0,128,128,128,128
1780,0,128,128,128,128
1781,0,128,128,128,128
1782,0,128,128,128,128
1783,0,128,128,128,128
1784,0,128,128,128,128
1785,0,128,128,128,128
1786,0,128,128,128,128
1787,0,128,128,128,128
1788,0,128,128,128,128
1789,0,128,128,128,128
1790,0,128,128,128,128
1791,0,128,128,128,128
1792,0,128,128,128,128
1793,0,128,128,128,128
1794,0,128,128,128,128
1795,0,128,128,128,128
1796,0,128,128,128,128
1797,0,128,128,128,128
1798,0,128,128,128,128
1799,0,128,128,128,128
1800,0,128,128,128,128
1801,0,128,128,128,128
1802,0,128,128,128,128
1803,0,128,128,128,128
1804,0,128,128,128,128
1805,0,128,128,128,128
1806,0,128,128,128,128
1807,0,128,128,128,128
1808,0,128,128,128,128
1809,0,128,128,128,128
1810,0,128,128,128,128
1811,0,128,128,128,128
1812,0,128,128,128,128
1813,0,128,128,128,128
1814,0,128,128,128,128
1815,0,128,128,128,128
1816,0,128,128,128,128
1817,0,128,128,128,128
1818,0,128,128,128,128
1819,0,128,128,128,128
1820,0,128,128,128,128
1821,0,128,128,128,128
1822,0,128,128,128,128
1823,0,128,128,128,128
1824,0,128,128,128,128
1825,0,128,128,128,128
1826,0,128,128,128,128
1827,0,128,128,128,128
1828,0,128,128,128,128
1829,0,128,128,128,128
1830,0,128,128,128,128
1831,0,128,128,128,128
1832,0,128,128,128,128
1833,0,128,128,128,128
1834,0,128,128,128,128
1835,0,128,128,128,128
1836,0,128,128,128,128
1837,0,128,128,128,128
1838,0,128,128,128,128
1839,0,128,128,128,128
1840,0,128,128,128,128
1841,0,128,128,128,128
1842,0,128,128,128,128
1843,0,128,128,128,128
1844,0,128,128,128,128
1845,0,128,128,128,128
1846,0,128,128,128,128
1847,0,128,128,128,128
1848,0,128,128,128,128
1849,0,128,128,128,128
1850,0,128,128,128,128
1851,0,128,128,128,128
1852,0,128,128,128,128
1853,0,128,128,128,128
1854,0,128,128,128,128
1855,0,128,128,128,128
1856,0,128,128,128,128
1857,0,128,128,128,128
1858,0,128,128,128,128
1859,0,128,128,128,128
1860,0,128,128,128,128
1861,0,128,128,128,128
1862,0,128,128,128,128
1863,0,128,128,128,128
1864,0,128,128,128,128
1865,0,128,128,128,128
1866,0,128,128,128,128
1867,0,128,128,128,128
1868,0,128,128,128,128
1869,0,128,128,128,128
1870,0,128,128,128,128
1871,0,128,128,128,128
1872,0,128,128,128,128
1873,0,128,128,128,128
1874,0,128,128,128,128
1875,0,128,128,128,128
1876,0,128,128,128,128
1877,0,128,128,128,128
1878,0,128,128,128,128
1879,0,128,128,128,128
1880,0,128,128,128,128
1881,0,128,128,128,128
1882,0,128,128,128,128
1883,0,128,128,128,128
1884,0,128,128,128,128
1885,0,128,128,128,128
1886,0,128,128,128,128
1887,0,128,128,128,128
1888,0,128,128,128,128
1889,0,128,128,128,128
1890,0,128,128,128,128
1891,0,128,128,128,128
1892,0,128,128,128,128
1893,0,128,128,128,128
1894,0,128,128,128,128
1895,0,128,128,128,128
1896,0,128,128,128,128
1897,0,128,128,128,128
1898,0,128,128,128,128
1899,0,128,128,128,128
1900,0,128,128,128,128
1901,0,128,128,128,128
1902,0,128,128,128,128
1903,0,128,128,128,128
1904,0,128,128,128,128
1905,4096,128,128,128,128
1906,4096,128,128,128,128
1907,4096,128,128,128,128
1908,4096,128,128,128,128
1909,4096,128,128,128,128
1910,4096,128,128,128,128
1911,0,128,128,128,128
1912,0,128,128,128,128
1913,0,128,128,128,128
1914,0,128,128,128,128
1915,0,128,128,128,128
1916,0,128,128,128,128
1917,0,128,128,128,128
1918,0,128,128,128,128
1919,0,128,128,128,128
1920,0,128,128,128,128
1921,0,128,128,128,128
1922,0,128,128,128,128
1923,0,128,128,128,128
1924,0,128,128,128,128
1925,0,128,128,128,128
1926,0,128,128,128,128
1927,0,128,128,128,128
1928,0,128,128,128,128
1929,0,128,128,128,128
1930,0,128,128,128,128
1931,0,128,128,128,128
1932,0,128,128,128,128
1933,0,128,128,128,128
1934,0,128,128,128,128
1935,0,128,128,128,128
1936,0,128,128,128,128
1937,0,128,128,128,128
1938,0,128,128,128,128
1939,0,128,128,128,128
1940,0,128,128,128,128
1941,0,128,128,128,128
1942,0,128,128,128,128
1943,0,128,128,128,128
1944,0,128,128,128,128
1945,0,128,128,128,128
1946,0,128,128,128,128
1947,0,128,128,128,128
1948,0,128,128,128,128
1949,0,128,128,128,128
1950,0,128,128,128,128
1951,0,128,128,128,128
1952,0,128,128,128,128
1953,0,128,128,128,128
1954,0,128,128,128,128
1955,0,128,128,128,128
1956,0,128,128,128,128
1957,0,128,128,128,128
1958,0,128,128,128,128
1959,0,128,128,128,128
1960,0,128,128,128,128
1961,0,128,128,128,128
1962,0,128,128,128,128
1963,0,128,128,128,128
1964,0,128,128,128,128
1965,0,128,128,128,128
1966,0,128,128,128,128
1967,0,128,128,128,128
1968,0,128,128,128,128
1969,0,128,128,128,128
1970,0,128,128,128,128
1971,0,128,128,128,128
1972,0,128,128,128,128
1973,0,128,128,128,128
1974,0,128,128,128,128
1975,0,128,128,128,128
1976,0,128,128,128,128
1977,0,128,128,128,128
1978,0,128,128,128,128
1979,0,128,128,128,128
1980,0,128,128,128,128
1981,0,128,128,128,128
1982,0,128,128,128,128
1983,0,128,128,128,128
1984,0,128,128,128,128
1985,0,128,128,128,128
1986,0,128,128,128,128
1987,0,128,128,128,128
1988,0,128,128,128,128
1989,0,128,128,128,128
1990,0,128,128,128,128
1991,0,128,128,128,128
1992,0,128,128,128,128
1993,0,128,128,128,128
1994,0,128,128,128,128
1995,0,128,128,128,128
1996,0,128,128,128,128
1997,0,128,128,128,128
1998,0,128,128,128,128
1999,0,128,128,128,128
2000,0,128,128,128,128
2001,0,128,128,128,128
2002,0,128,128,128,128
2003,0,128,128,128,128
2004,0,128,128,128,128
2005,0,128,128,128,128
2006,0,128,128,128,128
2007,0,128,128,128,128
2008,0,128,128,128,128
2009,0,128,128,128,128
2010,0,128,128,128,128
2011,0,128,128,128,128
2012,0,128,128,128,128
2013,0,128,128,128,128
2014,0,128,128,128,128
2015,0,128,128,128,128
2016,0,128,128,128,128
2017,0,128,128,128,128
2018,0,128,128,128,128
2019,0,128,128,128,128
2020,0,128,128,128,128
2021,0,128,128,128,128
2022,0,128,128,128,128
2023,0,128,128,128,128
2024,0,128,128,128,128
2025,0,128,128,128,128
2026,0,128,128,128,128
2027,0,128,128,128,128
2028,0,128,128,128,128
2029,0,128,128,128,128
2030,0,128,128,128,128
2031,0,128,128,128,128
2032,0,128,128,128,128
2033,0,128,128,128,128
2034,0,128,128,128,128
2035,0,128,128,128,128
2036,0,128,128,128,128
2037,0,128,128,128,128
2038,0,128,128,128,128
2039,0,128,128,128,128
2040,0,128,128,128,128
2041,0,128,128,128,128
2042,0,128,128,128,128
2043,0,128,128,128,128
2044,0,128,128,128,128
2045,0,128,128,128,128
2046,0,128,128,128,128
2047,0,128,128,128,128
2048,0,128,128,128,128
2049,0,128,128,128,128
2050,4096,128,128,128,128
2051,4096,128,128,128,128
2052,4096,128,128,128,128
2053,4096,128,128,128,128
2054,4096,128,128,128,128
2055,4096,128,128,128,128
2056,0,128,128,128,128
2057,0,128,128,128,128
2058,0,128,128,128,128
2059,0,128,128,128,128
2060,0,128,128,128,128
2061,0,128,128,128,128
2062,0,128,128,128,128
2063,0,128,128,128,128
2064,0,128,128,128,128
2065,0,128,128,128,128
2066,0,128,128,128,128
2067,0,128,128,128,128
2068,0,128,128,128,128
2069,0,128,128,128,128
2070,0,128,128,128,128
2071,0,128,128,128,128
2072,0,128,128,128,128
2073,0,128,128,128,128
2074,0,128,128,128,128
2075,0,128,128,128,128
2076,0,128,128,128,128
2077,0,128,128,128,128
2078,0,128,128,128,128
2079,0,128,128,128,128
2080,0,128,128,128,128
2081,0,128,128,128,128
2082,0,128,128,128,128
2083,0,128,128,128,128
2084,0,128,128,128,128
2085,0,128,128,128,128
2086,0,128,128,128,128
2087,0,128,128,128,128
2088,0,128,128,128,128
2089,0,128,128,128,128
2090,0,128,128,128,128
2091,0,128,128,128,128
2092,0,128,128,128,128
2093,0,128,128,128,128
2094,0,128,128,128,128
2095,0,128,128,128,128
2096,0,128,128,128,128
2097,0,128,128,128,128
2098,0,128,128,128,128
2099,0,128,128,128,128
2100,0,128,128,128,128
2101,0,128,128,128,128
2102,0,128,128,128,128
2103,0,128,128,128,128
2104,0,128,128,128,128
2105,0,128,128,128,128
2106,0,128,128,128,128
2107,0,128,128,128,128
2108,0,128,128,128,128
2109,0,128,128,128,128
2110,0,128,128,128,128
2111,0,128,128,128,128
2112,0,128,128,128,128
2113,0,128,128,128,128
2114,0,128,128,128,128
2115,0,128,128,128,128
2116,0,128,128,128,128
2117,0,128,128,128,128
2118,0,128,128,128,128
2119,0,128,128,128,128
2120,0,128,128,128,128
2121,0,128,128,128,128
2122,0,128,128,128,128
2123,0,128,128,128,128
2124,0,128,128,128,128
2125,0,128,128,128,128
2126,0,128,128,128,128
2127,0,128,128,128,128
2128,0,128,128,128,128
2129,0,128,128,128,128
2130,0,128,128,128,128
2131,0,128,128,128,128
2132,0,128,128,128,128
2133,0,128,128,128,128
2134,0,128,128,128,128
2135,0,128,128,128,128
2136,0,128,128,128,128
2137,0,128,128,128,128
2138,0,128,128,128,128
2139,0,128,128,128,128
2140,0,128,128,128,128
2141,0,128,128,128,128
2142,0,128,128,128,128
2143,0,128,128,128,128
2144,0,128,128,128,128
2145,0,128,128,128,128
2146,0,128,128,128,128
2147,0,128,128,128,128
2148,0,128,128,128,128
2149,0,128,128,128,128
2150,0,128,128,128,128
2151,0,128,128,128,128
2152,0,128,128,128,128
2153,0,128,128,128,128
2154,0,128,128,128,128
2155,0,128,128,128,128
2156,0,128,128,128,128
2157,0,128,128,128,128
2158,0,128,128,128,128
2159,0,128,128,128,128
2160,0,128,128,128,128
2161,0,128,128,128,128
2162,0,128,128,128,128
2163,0,128,128,128,128
2164,0,128,128,128,128
2165,0,128,128,128,128
2166,0,128,128,128,128
2167,0,128,128,128,128
2168,0,128,128,128,128
2169,0,128,128,128,128
2170,0,128,128,128,128
2171,0,128,128,128,128
2172,0,128,128,128,128
2173,0,128,128,128,128
2174,0,128,128,128,128
2175,0,128,128,128,128
2176,0,128,128,128,128
2177,0,128,128,128,128
2178,0,128,128,128,128
2179,0,128,128,128,128
2180,0,128,128,128,128
2181,0,128,128,128,128
2182,0,128,128,128,128
2183,0,128,128,128,128
2184,0,128,128,128,128
2185,0,128,128,128,128
2186,0,128,128,128,128
2187,0,128,128,128,128
2188,0,128,128,128,128
2189,0,128,128,128,128
2190,0,128,128,128,128
2191,0,128,128,128,128
2192,0,128,128,128,128
2193,0,128,128,128,128
2194,0,128,128,128,128
2195,0,128,128,128,128
2196,0,128,128,128,128
2197,0,128,128,128,128
2198,0,128,128,128,128
2199,0,128,128,128,128
