psoxide-tape,v2,clock=video_frame,start_poll=0
frame,buttons,right_x,right_y,left_x,left_y
0,0,128,128,128,128
1,0,128,128,128,128
2,0,128,128,128,128
3,0,128,128,128,128
4,0,128,128,128,128
5,0,128,128,128,128
6,0,128,128,128,128
7,0,128,128,128,128
8,0,128,128,128,128
9,0,128,128,128,128
10,0,128,128,128,128
11,0,128,128,128,128
12,0,128,128,128,128
13,0,128,128,128,128
14,0,128,128,128,128
15,0,128,128,128,128
16,0,128,128,128,128
17,0,128,128,128,128
18,0,128,128,128,128
19,0,128,128,128,128
20,0,128,128,128,128
21,0,128,128,128,128
22,0,128,128,128,128
23,0,128,128,128,128
24,0,128,128,128,128
25,0,128,128,128,128
26,0,128,128,128,128
27,0,128,128,128,128
28,0,128,128,128,128
29,0,128,128,128,128
30,0,128,128,128,128
31,0,128,128,128,128
32,0,128,128,128,128
33,0,128,128,128,128
34,0,128,128,128,128
35,0,128,128,128,128
36,0,128,128,128,128
37,0,128,128,128,128
38,0,128,128,128,128
39,0,128,128,128,128
40,0,128,128,128,128
41,0,128,128,128,128
42,0,128,128,128,128
43,0,128,128,128,128
44,0,128,128,128,128
45,0,128,128,128,128
46,0,128,128,128,128
47,0,128,128,128,128
48,0,128,128,128,128
49,0,128,128,128,128
50,0,128,128,128,128
51,0,128,128,128,128
52,0,128,128,128,128
53,0,128,128,128,128
54,0,128,128,128,128
55,0,128,128,128,128
56,0,128,128,128,128
57,0,128,128,128,128
58,0,128,128,128,128
59,0,128,128,128,128
60,0,128,128,128,128
61,0,128,128,128,128
62,0,128,128,128,128
63,0,128,128,128,128
64,0,128,128,128,128
65,0,128,128,128,128
66,0,128,128,128,128
67,0,128,128,128,128
68,0,128,128,128,128
69,0,128,128,128,128
70,0,128,128,128,128
71,0,128,128,128,128
72,0,128,128,128,128
73,0,128,128,128,128
74,0,128,128,128,128
75,0,128,128,128,128
76,0,128,128,128,128
77,0,128,128,128,128
78,0,128,128,128,128
79,0,128,128,128,128
80,0,128,128,128,128
81,0,128,128,128,128
82,0,128,128,128,128
83,0,128,128,128,128
84,0,128,128,128,128
85,0,128,128,128,128
86,0,128,128,128,128
87,0,128,128,128,128
88,0,128,128,128,128
89,0,128,128,128,128
90,0,128,128,128,128
91,0,128,128,128,128
92,0,128,128,128,128
93,0,128,128,128,128
94,0,128,128,128,128
95,0,128,128,128,128
96,0,128,128,128,128
97,0,128,128,128,128
98,0,128,128,128,128
99,0,128,128,128,128
100,0,128,128,128,128
101,0,128,128,128,128
102,0,128,128,128,128
103,0,128,128,128,128
104,0,128,128,128,128
105,0,128,128,128,128
106,0,128,128,128,128
107,0,128,128,128,128
108,0,128,128,128,128
109,0,128,128,128,128
110,0,128,128,128,128
111,0,128,128,128,128
112,0,128,128,128,128
113,0,128,128,128,128
114,0,128,128,128,128
115,0,128,128,128,128
116,0,128,128,128,128
117,0,128,128,128,128
118,0,128,128,128,128
119,0,128,128,128,128
120,0,128,128,128,128
121,0,128,128,128,128
122,0,128,128,128,128
123,0,128,128,128,128
124,0,128,128,128,128
125,0,128,128,128,128
126,0,128,128,128,128
127,0,128,128,128,128
128,0,128,128,128,128
129,0,128,128,128,128
130,0,128,128,128,128
131,0,128,128,128,128
132,0,128,128,128,128
133,0,128,128,128,128
134,0,128,128,128,128
135,0,128,128,128,128
136,0,128,128,128,128
137,0,128,128,128,128
138,0,128,128,128,128
139,0,128,128,128,128
140,0,128,128,128,128
141,0,128,128,128,128
142,0,128,128,128,128
143,0,128,128,128,128
144,0,128,128,128,128
145,0,128,128,128,128
146,0,128,128,128,128
147,0,128,128,128,128
148,0,128,128,128,128
149,0,128,128,128,128
150,0,128,128,128,128
151,0,128,128,128,128
152,0,128,128,128,128
153,0,128,128,128,128
154,0,128,128,128,128
155,0,128,128,128,128
156,0,128,128,128,128
157,0,128,128,128,128
158,0,128,128,128,128
159,0,128,128,128,128
160,0,128,128,128,128
161,0,128,128,128,128
162,0,128,128,128,128
163,0,128,128,128,128
164,0,128,128,128,128
165,0,128,128,128,128
166,0,128,128,128,128
167,0,128,128,128,128
168,0,128,128,128,128
169,0,128,128,128,128
170,0,128,128,128,128
171,0,128,128,128,128
172,0,128,128,128,128
173,0,128,128,128,128
174,0,128,128,128,128
175,0,128,128,128,128
176,0,128,128,128,128
177,0,128,128,128,128
178,0,128,128,128,128
179,0,128,128,128,128
180,0,128,128,128,128
181,0,128,128,128,128
182,0,128,128,128,128
183,0,128,128,128,128
184,0,128,128,128,128
185,0,128,128,128,128
186,0,128,128,128,128
187,0,128,128,128,128
188,0,128,128,128,128
189,0,128,128,128,128
190,0,128,128,128,128
191,0,128,128,128,128
192,0,128,128,128,128
193,0,128,128,128,128
194,0,128,128,128,128
195,0,128,128,128,128
196,0,128,128,128,128
197,0,128,128,128,128
198,0,128,128,128,128
199,0,128,128,128,128
200,0,128,128,128,128
201,0,128,128,128,128
202,0,128,128,128,128
203,0,128,128,128,128
204,0,128,128,128,128
205,0,128,128,128,128
206,0,128,128,128,128
207,0,128,128,128,128
208,0,128,128,128,128
209,0,128,128,128,128
210,0,128,128,128,128
211,0,128,128,128,128
212,0,128,128,128,128
213,0,128,128,128,128
214,0,128,128,128,128
215,0,128,128,128,128
216,0,128,128,128,128
217,0,128,128,128,128
218,0,128,128,128,128
219,0,128,128,128,128
220,0,128,128,128,128
221,0,128,128,128,128
222,0,128,128,128,128
223,0,128,128,128,128
224,0,128,128,128,128
225,0,128,128,128,128
226,0,128,128,128,128
227,0,128,128,128,128
228,0,128,128,128,128
229,0,128,128,128,128
230,0,128,128,128,128
231,0,128,128,128,128
232,0,128,128,128,128
233,0,128,128,128,128
234,0,128,128,128,128
235,0,128,128,128,128
236,0,128,128,128,128
237,0,128,128,128,128
238,0,128,128,128,128
239,0,128,128,128,128
240,0,128,128,128,128
241,0,128,128,128,128
242,0,128,128,128,128
243,0,128,128,128,128
244,0,128,128,128,128
245,0,128,128,128,128
246,0,128,128,128,128
247,0,128,128,128,128
248,0,128,128,128,128
249,0,128,128,128,128
250,0,128,128,128,128
251,0,128,128,128,128
252,0,128,128,128,128
253,0,128,128,128,128
254,0,128,128,128,128
255,0,128,128,128,128
256,0,128,128,128,128
257,0,128,128,128,128
258,0,128,128,128,128
259,0,128,128,128,128
260,0,128,128,128,128
261,0,128,128,128,128
262,0,128,128,128,128
263,0,128,128,128,128
264,0,128,128,128,128
265,0,128,128,128,128
266,0,128,128,128,128
267,0,128,128,128,128
268,0,128,128,128,128
269,0,128,128,128,128
270,0,128,128,128,128
271,0,128,128,128,128
272,0,128,128,128,128
273,0,128,128,128,128
274,0,128,128,128,128
275,0,128,128,128,128
276,0,128,128,128,128
277,0,128,128,128,128
278,0,128,128,128,128
279,0,128,128,128,128
280,0,128,128,128,128
281,0,128,128,128,128
282,0,128,128,128,128
283,0,128,128,128,128
284,0,128,128,128,128
285,0,128,128,128,128
286,0,128,128,128,128
287,0,128,128,128,128
288,0,128,128,128,128
289,0,128,128,128,128
290,0,128,128,128,128
291,0,128,128,128,128
292,0,128,128,128,128
293,0,128,128,128,128
294,0,128,128,128,128
295,0,128,128,128,128
296,0,128,128,128,128
297,0,128,128,128,128
298,0,128,128,128,128
299,0,128,128,128,128
300,0,128,128,128,128
301,0,128,128,128,128
302,0,128,128,128,128
303,0,128,128,128,128
304,0,128,128,128,128
305,0,128,128,128,128
306,0,128,128,128,128
307,0,128,128,128,128
308,0,128,128,128,128
309,0,128,128,128,128
310,0,128,128,128,128
311,0,128,128,128,128
312,0,128,128,128,128
313,0,128,128,128,128
314,0,128,128,128,128
315,0,128,128,128,128
316,0,128,128,128,128
317,0,128,128,128,128
318,0,128,128,128,128
319,0,128,128,128,128
320,0,128,128,128,128
321,0,128,128,128,128
322,0,128,128,128,128
323,0,128,128,128,128
324,0,128,128,128,128
325,0,128,128,128,128
326,0,128,128,128,128
327,0,128,128,128,128
328,0,128,128,128,128
329,0,128,128,128,128
330,0,128,128,128,128
331,0,128,128,128,128
332,0,128,128,128,128
333,0,128,128,128,128
334,0,128,128,128,128
335,0,128,128,128,128
336,0,128,128,128,128
337,0,128,128,128,128
338,0,128,128,128,128
339,0,128,128,128,128
340,0,128,128,128,128
341,0,128,128,128,128
342,0,128,128,128,128
343,0,128,128,128,128
344,0,128,128,128,128
345,0,128,128,128,128
346,0,128,128,128,128
347,0,128,128,128,128
348,0,128,128,128,128
349,0,128,128,128,128
350,0,128,128,128,128
351,0,128,128,128,128
352,0,128,128,128,128
353,0,128,128,128,128
354,0,128,128,128,128
355,0,128,128,128,128
356,0,128,128,128,128
357,0,128,128,128,128
358,0,128,128,128,128
359,0,128,128,128,128
360,0,128,128,128,128
361,0,128,128,128,128
362,0,128,128,128,128
363,0,128,128,128,128
364,0,128,128,128,128
365,0,128,128,128,128
366,0,128,128,128,128
367,0,128,128,128,128
368,0,128,128,128,128
369,0,128,128,128,128
370,0,128,128,128,128
371,0,128,128,128,128
372,0,128,128,128,128
373,0,128,128,128,128
374,0,128,128,128,128
375,0,128,128,128,128
376,0,128,128,128,128
377,0,128,128,128,128
378,0,128,128,128,128
379,0,128,128,128,128
380,0,128,128,128,128
381,0,128,128,128,128
382,0,128,128,128,128
383,0,128,128,128,128
384,0,128,128,128,128
385,0,128,128,128,128
386,0,128,128,128,128
387,0,128,128,128,128
388,0,128,128,128,128
389,0,128,128,128,128
390,0,128,128,128,128
391,0,128,128,128,128
392,0,128,128,128,128
393,0,128,128,128,128
394,0,128,128,128,128
395,0,128,128,128,128
396,0,128,128,128,128
397,0,128,128,128,128
398,0,128,128,128,128
399,0,128,128,128,128
400,0,128,128,128,128
401,0,128,128,128,128
402,0,128,128,128,128
403,0,128,128,128,128
404,0,128,128,128,128
405,0,128,128,128,128
406,0,128,128,128,128
407,0,128,128,128,128
408,0,128,128,128,128
409,0,128,128,128,128
410,0,128,128,128,128
411,0,128,128,128,128
412,0,128,128,128,128
413,0,128,128,128,128
414,0,128,128,128,128
415,0,128,128,128,128
416,0,128,128,128,128
417,0,128,128,128,128
418,0,128,128,128,128
419,0,128,128,128,128
420,0,128,128,128,128
421,0,128,128,128,128
422,0,128,128,128,128
423,0,128,128,128,128
424,0,128,128,128,128
425,0,128,128,128,128
426,0,128,128,128,128
427,0,128,128,128,128
428,0,128,128,128,128
429,0,128,128,128,128
430,0,128,128,128,128
431,0,128,128,128,128
432,0,128,128,128,128
433,0,128,128,128,128
434,0,128,128,128,128
435,0,128,128,128,128
436,0,128,128,128,128
437,0,128,128,128,128
438,0,128,128,128,128
439,0,128,128,128,128
440,0,128,128,128,128
441,0,128,128,128,128
442,0,128,128,128,128
443,0,128,128,128,128
444,0,128,128,128,128
445,0,128,128,128,128
446,0,128,128,128,128
447,0,128,128,128,128
448,0,128,128,128,128
449,0,128,128,128,128
450,0,128,128,128,128
451,0,128,128,128,128
452,0,128,128,128,128
453,0,128,128,128,128
454,0,128,128,128,128
455,0,128,128,128,128
456,0,128,128,128,128
457,0,128,128,128,128
458,0,128,128,128,128
459,0,128,128,128,128
460,0,128,128,128,128
461,0,128,128,128,128
462,0,128,128,128,128
463,0,128,128,128,128
464,0,128,128,128,128
465,0,128,128,128,128
466,0,128,128,128,128
467,0,128,128,128,128
468,0,128,128,128,128
469,0,128,128,128,128
470,0,128,128,128,128
471,0,128,128,128,128
472,0,128,128,128,128
473,0,128,128,128,128
474,0,128,128,128,128
475,0,128,128,128,128
476,0,128,128,128,128
477,0,128,128,128,128
478,0,128,128,128,128
479,0,128,128,128,128
480,0,128,128,128,128
481,0,128,128,128,128
482,0,128,128,128,128
483,0,128,128,128,128
484,0,128,128,128,128
485,0,128,128,128,128
486,0,128,128,128,128
487,0,128,128,128,128
488,0,128,128,128,128
489,0,128,128,128,128
490,0,128,128,128,128
491,0,128,128,128,128
492,0,128,128,128,128
493,0,128,128,128,128
494,0,128,128,128,128
495,0,128,128,128,128
496,0,128,128,128,128
497,0,128,128,128,128
498,0,128,128,128,128
499,0,128,128,128,128
500,0,128,128,128,128
501,0,128,128,128,128
502,0,128,128,128,128
503,0,128,128,128,128
504,0,128,128,128,128
505,0,128,128,128,128
506,0,128,128,128,128
507,0,128,128,128,128
508,0,128,128,128,128
509,0,128,128,128,128
510,0,128,128,128,128
511,0,128,128,128,128
512,0,128,128,128,128
513,0,128,128,128,128
514,0,128,128,128,128
515,0,128,128,128,128
516,0,128,128,128,128
517,0,128,128,128,128
518,0,128,128,128,128
519,0,128,128,128,128
520,0,128,128,128,128
521,0,128,128,128,128
522,0,128,128,128,128
523,0,128,128,128,128
524,0,128,128,128,128
525,0,128,128,128,128
526,0,128,128,128,128
527,0,128,128,128,128
528,0,128,128,128,128
529,0,128,128,128,128
530,0,128,128,128,128
531,0,128,128,128,128
532,0,128,128,128,128
533,0,128,128,128,128
534,0,128,128,128,128
535,0,128,128,128,128
536,0,128,128,128,128
537,0,128,128,128,128
538,0,128,128,128,128
539,0,128,128,128,128
540,0,128,128,128,128
541,0,128,128,128,128
542,0,128,128,128,128
543,0,128,128,128,128
544,0,128,128,128,128
545,0,128,128,128,128
546,0,128,128,128,128
547,0,128,128,128,128
548,0,128,128,128,128
549,0,128,128,128,128
550,0,128,128,128,128
551,0,128,128,128,128
552,0,128,128,128,128
553,0,128,128,128,128
554,0,128,128,128,128
555,0,128,128,128,128
556,0,128,128,128,128
557,0,128,128,128,128
558,0,128,128,128,128
559,0,128,128,128,128
560,0,128,128,128,128
561,0,128,128,128,128
562,0,128,128,128,128
563,0,128,128,128,128
564,0,128,128,128,128
565,0,128,128,128,128
566,0,128,128,128,128
567,0,128,128,128,128
568,0,128,128,128,128
569,0,128,128,128,128
570,0,128,128,128,128
571,0,128,128,128,128
572,0,128,128,128,128
573,0,128,128,128,128
574,0,128,128,128,128
575,0,128,128,128,128
576,0,128,128,128,128
577,0,128,128,128,128
578,0,128,128,128,128
579,0,128,128,128,128
580,0,128,128,128,128
581,0,128,128,128,128
582,0,128,128,128,128
583,0,128,128,128,128
584,0,128,128,128,128
585,0,128,128,128,128
586,0,128,128,128,128
587,0,128,128,128,128
588,0,128,128,128,128
589,0,128,128,128,128
590,0,128,128,128,128
591,0,128,128,128,128
592,0,128,128,128,128
593,0,128,128,128,128
594,0,128,128,128,128
595,0,128,128,128,128
596,0,128,128,128,128
597,0,128,128,128,128
598,0,128,128,128,128
599,0,128,128,128,128
600,0,128,128,128,128
601,0,128,128,128,128
602,0,128,128,128,128
603,0,128,128,128,128
604,0,128,128,128,128
605,0,128,128,128,128
606,0,128,128,128,128
607,0,128,128,128,128
608,0,128,128,128,128
609,0,128,128,128,128
610,0,128,128,128,128
611,0,128,128,128,128
612,0,128,128,128,128
613,0,128,128,128,128
614,0,128,128,128,128
615,0,128,128,128,128
616,0,128,128,128,128
617,0,128,128,128,128
618,0,128,128,128,128
619,0,128,128,128,128
620,0,128,128,128,128
621,0,128,128,128,128
622,0,128,128,128,128
623,0,128,128,128,128
624,0,128,128,128,128
625,0,128,128,128,128
626,0,128,128,128,128
627,0,128,128,128,128
628,0,128,128,128,128
629,0,128,128,128,128
630,0,128,128,128,128
631,0,128,128,128,128
632,0,128,128,128,128
633,0,128,128,128,128
634,0,128,128,128,128
635,0,128,128,128,128
636,0,128,128,128,128
637,0,128,128,128,128
638,0,128,128,128,128
639,0,128,128,128,128
640,0,128,128,128,128
641,0,128,128,128,128
642,0,128,128,128,128
643,0,128,128,128,128
644,0,128,128,128,128
645,0,128,128,128,128
646,0,128,128,128,128
647,0,128,128,128,128
648,0,128,128,128,128
649,0,128,128,128,128
650,0,128,128,128,128
651,0,128,128,128,128
652,0,128,128,128,128
653,0,128,128,128,128
654,0,128,128,128,128
655,0,128,128,128,128
656,0,128,128,128,128
657,0,128,128,128,128
658,0,128,128,128,128
659,0,128,128,128,128
660,0,128,128,128,128
661,0,128,128,128,128
662,0,128,128,128,128
663,0,128,128,128,128
664,0,128,128,128,128
665,0,128,128,128,128
666,0,128,128,128,128
667,0,128,128,128,128
668,0,128,128,128,128
669,0,128,128,128,128
670,0,128,128,128,128
671,0,128,128,128,128
672,0,128,128,128,128
673,0,128,128,128,128
674,0,128,128,128,128
675,0,128,128,128,128
676,0,128,128,128,128
677,0,128,128,128,128
678,0,128,128,128,128
679,0,128,128,128,128
680,0,128,128,128,128
681,0,128,128,128,128
682,0,128,128,128,128
683,0,128,128,128,128
684,0,128,128,128,128
685,0,128,128,128,128
686,0,128,128,128,128
687,0,128,128,128,128
688,0,128,128,128,128
689,0,128,128,128,128
690,0,128,128,128,128
691,0,128,128,128,128
692,0,128,128,128,128
693,0,128,128,128,128
694,0,128,128,128,128
695,0,128,128,128,128
696,0,128,128,128,128
697,0,128,128,128,128
698,0,128,128,128,128
699,0,128,128,128,128
700,0,128,128,128,128
701,0,128,128,128,128
702,0,128,128,128,128
703,0,128,128,128,128
704,0,128,128,128,128
705,0,128,128,128,128
706,0,128,128,128,128
707,0,128,128,128,128
708,0,128,128,128,128
709,0,128,128,128,128
710,0,128,128,128,128
711,0,128,128,128,128
712,0,128,128,128,128
713,0,128,128,128,128
714,0,128,128,128,128
715,0,128,128,128,128
716,0,128,128,128,128
717,0,128,128,128,128
718,0,128,128,128,128
719,0,128,128,128,128
720,0,128,128,128,128
721,0,128,128,128,128
722,0,128,128,128,128
723,0,128,128,128,128
724,0,128,128,128,128
725,0,128,128,128,128
726,0,128,128,128,128
727,0,128,128,128,128
728,0,128,128,128,128
729,0,128,128,128,128
730,0,128,128,128,128
731,0,128,128,128,128
732,0,128,128,128,128
733,0,128,128,128,128
734,0,128,128,128,128
735,0,128,128,128,128
736,0,128,128,128,128
737,0,128,128,128,128
738,0,128,128,128,128
739,0,128,128,128,128
740,0,128,128,128,128
741,0,128,128,128,128
742,0,128,128,128,128
743,0,128,128,128,128
744,0,128,128,128,128
745,0,128,128,128,128
746,0,128,128,128,128
747,0,128,128,128,128
748,0,128,128,128,128
749,0,128,128,128,128
750,0,128,128,128,128
751,0,128,128,128,128
752,0,128,128,128,128
753,0,128,128,128,128
754,0,128,128,128,128
755,0,128,128,128,128
756,0,128,128,128,128
757,0,128,128,128,128
758,0,128,128,128,128
759,0,128,128,128,128
760,0,128,128,128,128
761,0,128,128,128,128
762,0,128,128,128,128
763,0,128,128,128,128
764,0,128,128,128,128
765,0,128,128,128,128
766,0,128,128,128,128
767,0,128,128,128,128
768,0,128,128,128,128
769,0,128,128,128,128
770,0,128,128,128,128
771,0,128,128,128,128
772,0,128,128,128,128
773,0,128,128,128,128
774,0,128,128,128,128
775,0,128,128,128,128
776,0,128,128,128,128
777,0,128,128,128,128
778,0,128,128,128,128
779,0,128,128,128,128
780,0,128,128,128,128
781,0,128,128,128,128
782,0,128,128,128,128
783,0,128,128,128,128
784,0,128,128,128,128
785,0,128,128,128,128
786,0,128,128,128,128
787,0,128,128,128,128
788,0,128,128,128,128
789,0,128,128,128,128
790,0,128,128,128,128
791,0,128,128,128,128
792,0,128,128,128,128
793,0,128,128,128,128
794,0,128,128,128,128
795,0,128,128,128,128
796,0,128,128,128,128
797,0,128,128,128,128
798,0,128,128,128,128
799,0,128,128,128,128
800,0,128,128,128,128
801,0,128,128,128,128
802,0,128,128,128,128
803,0,128,128,128,128
804,0,128,128,128,128
805,0,128,128,128,128
806,0,128,128,128,128
807,0,128,128,128,128
808,0,128,128,128,128
809,0,128,128,128,128
810,0,128,128,128,128
811,0,128,128,128,128
812,0,128,128,128,128
813,0,128,128,128,128
814,0,128,128,128,128
815,0,128,128,128,128
816,0,128,128,128,128
817,0,128,128,128,128
818,0,128,128,128,128
819,0,128,128,128,128
820,0,128,128,128,128
821,0,128,128,128,128
822,0,128,128,128,128
823,0,128,128,128,128
824,0,128,128,128,128
825,0,128,128,128,128
826,0,128,128,128,128
827,0,128,128,128,128
828,0,128,128,128,128
829,0,128,128,128,128
830,0,128,128,128,128
831,0,128,128,128,128
832,0,128,128,128,128
833,0,128,128,128,128
834,0,128,128,128,128
835,0,128,128,128,128
836,0,128,128,128,128
837,0,128,128,128,128
838,0,128,128,128,128
839,0,128,128,128,128
840,0,128,128,128,128
841,0,128,128,128,128
842,0,128,128,128,128
843,0,128,128,128,128
844,0,128,128,128,128
845,0,128,128,128,128
846,0,128,128,128,128
847,0,128,128,128,128
848,0,128,128,128,128
849,0,128,128,128,128
850,0,128,128,128,128
851,0,128,128,128,128
852,0,128,128,128,128
853,0,128,128,128,128
854,0,128,128,128,128
855,0,128,128,128,128
856,0,128,128,128,128
857,0,128,128,128,128
858,0,128,128,128,128
859,0,128,128,128,128
860,0,128,128,128,128
861,0,128,128,128,128
862,0,128,128,128,128
863,0,128,128,128,128
864,0,128,128,128,128
865,0,128,128,128,128
866,0,128,128,128,128
867,0,128,128,128,128
868,0,128,128,128,128
869,0,128,128,128,128
870,0,128,128,128,128
871,0,128,128,128,128
872,0,128,128,128,128
873,0,128,128,128,128
874,0,128,128,128,128
875,0,128,128,128,128
876,0,128,128,128,128
877,0,128,128,128,128
878,0,128,128,128,128
879,0,128,128,128,128
880,0,128,128,128,128
881,0,128,128,128,128
882,0,128,128,128,128
883,0,128,128,128,128
884,0,128,128,128,128
885,0,128,128,128,128
886,0,128,128,128,128
887,0,128,128,128,128
888,0,128,128,128,128
889,0,128,128,128,128
890,0,128,128,128,128
891,0,128,128,128,128
892,0,128,128,128,128
893,0,128,128,128,128
894,0,128,128,128,128
895,0,128,128,128,128
896,0,128,128,128,128
897,0,128,128,128,128
898,0,128,128,128,128
899,0,128,128,128,128
